Orignal Id,Encoded Id
1,0
6,1
7,2
8,3
15,4
16,5
17,6
18,7
19,8
20,9
21,10
22,11
23,12
24,13
25,14
26,15
27,16
28,17
29,18
30,19
33,20
45,21
48,22
50,23
52,24
53,25
55,26
56,27
57,28
58,29
59,30
60,31
61,32
62,33
63,34
64,35
65,36
66,37
67,38
68,39
69,40
71,41
72,42
73,43
74,44
75,45
76,46
77,47
79,48
80,49
85,50
86,51
89,52
90,53
92,54
93,55
94,56
95,57
96,58
97,59
98,60
99,61
100,62
101,63
102,64
103,65
104,66
105,67
106,68
107,69
109,70
110,71
111,72
112,73
113,74
114,75
115,76
116,77
119,78
120,79
121,80
122,81
123,82
125,83
126,84
127,85
129,86
130,87
131,88
132,89
133,90
134,91
135,92
136,93
141,94
142,95
143,96
144,97
145,98
146,99
147,100
148,101
149,102
150,103
152,104
153,105
154,106
156,107
157,108
158,109
159,110
160,111
161,112
162,113
163,114
165,115
166,116
167,117
168,118
169,119
170,120
171,121
173,122
174,123
175,124
177,125
178,126
180,127
181,128
182,129
183,130
184,131
185,132
186,133
189,134
193,135
195,136
196,137
197,138
198,139
200,140
202,141
204,142
205,143
206,144
209,145
210,146
218,147
222,148
223,149
225,150
226,151
228,152
229,153
230,154
231,155
232,156
233,157
234,158
236,159
237,160
238,161
239,162
240,163
241,164
242,165
243,166
244,167
245,168
246,169
247,170
248,171
249,172
250,173
251,174
252,175
253,176
257,177
260,178
261,179
263,180
266,181
267,182
269,183
270,184
271,185
272,186
273,187
274,188
275,189
276,190
277,191
278,192
279,193
280,194
282,195
283,196
284,197
285,198
286,199
287,200
288,201
289,202
290,203
291,204
292,205
293,206
294,207
295,208
296,209
297,210
298,211
301,212
302,213
303,214
306,215
307,216
308,217
309,218
310,219
311,220
318,221
321,222
322,223
323,224
324,225
325,226
326,227
327,228
328,229
329,230
330,231
331,232
332,233
333,234
334,235
335,236
336,237
337,238
338,239
339,240
340,241
341,242
342,243
343,244
344,245
345,246
346,247
347,248
348,249
349,250
350,251
351,252
352,253
353,254
354,255
355,256
356,257
360,258
364,259
369,260
370,261
375,262
379,263
383,264
384,265
385,266
386,267
387,268
388,269
390,270
392,271
394,272
395,273
396,274
397,275
400,276
403,277
406,278
407,279
411,280
412,281
417,282
419,283
421,284
424,285
427,286
435,287
440,288
444,289
445,290
446,291
447,292
455,293
456,294
457,295
467,296
469,297
470,298
471,299
472,300
473,301
476,302
477,303
478,304
479,305
481,306
482,307
483,308
485,309
486,310
487,311
488,312
489,313
490,314
495,315
497,316
501,317
505,318
506,319
508,320
509,321
510,322
511,323
516,324
518,325
519,326
521,327
525,328
527,329
529,330
530,331
532,332
533,333
534,334
535,335
538,336
545,337
546,338
550,339
551,340
552,341
553,342
554,343
555,344
558,345
561,346
563,347
567,348
568,349
569,350
573,351
574,352
576,353
577,354
579,355
580,356
582,357
584,358
586,359
587,360
589,361
590,362
591,363
592,364
593,365
598,366
600,367
603,368
604,369
605,370
606,371
607,372
610,373
611,374
612,375
613,376
614,377
616,378
618,379
620,380
621,381
623,382
624,383
626,384
627,385
630,386
633,387
634,388
635,389
636,390
637,391
646,392
648,393
649,394
652,395
653,396
655,397
658,398
667,399
668,400
670,401
671,402
677,403
678,404
682,405
684,406
685,407
687,408
688,409
690,410
691,411
693,412
694,413
696,414
706,415
708,416
709,417
710,418
712,419
714,420
718,421
721,422
727,423
729,424
738,425
740,426
744,427
749,428
750,429
751,430
754,431
756,432
763,433
764,434
771,435
776,436
782,437
783,438
786,439
789,440
790,441
795,442
798,443
799,444
800,445
801,446
810,447
812,448
813,449
817,450
825,451
831,452
832,453
833,454
835,455
836,456
838,457
840,458
841,459
845,460
846,461
849,462
850,463
852,464
853,465
854,466
855,467
856,468
857,469
858,470
859,471
860,472
861,473
863,474
865,475
872,476
873,477
874,478
876,479
877,480
878,481
879,482
880,483
886,484
888,485
889,486
890,487
907,488
909,489
910,490
912,491
913,492
914,493
915,494
916,495
918,496
919,497
924,498
925,499
926,500
927,501
928,502
929,503
930,504
934,505
935,506
940,507
941,508
942,509
943,510
944,511
951,512
952,513
953,514
956,515
957,516
958,517
959,518
960,519
961,520
962,521
964,522
965,523
967,524
968,525
969,526
970,527
971,528
973,529
980,530
988,531
990,532
992,533
996,534
998,535
1000,536
1005,537
1013,538
1017,539
1018,540
1019,541
1021,542
1022,543
1025,544
1035,545
1037,546
1040,547
1045,548
1046,549
1048,550
1050,551
1055,552
1057,553
1060,554
1062,555
1065,556
1067,557
1068,558
1069,559
1070,560
1082,561
1083,562
1086,563
1087,564
1088,565
1093,566
1097,567
1098,568
1102,569
1103,570
1104,571
1108,572
1110,573
1123,574
1126,575
1127,576
1128,577
1132,578
1133,579
1136,580
1137,581
1138,582
1139,583
1142,584
1145,585
1149,586
1156,587
1157,588
1161,589
1163,590
1164,591
1167,592
1172,593
1175,594
1179,595
1180,596
1184,597
1186,598
1188,599
1189,600
1193,601
1194,602
1195,603
1196,604
1198,605
1200,606
1205,607
1210,608
1212,609
1214,610
1215,611
1218,612
1219,613
1220,614
1221,615
1222,616
1223,617
1224,618
1226,619
1230,620
1231,621
1236,622
1239,623
1243,624
1246,625
1247,626
1249,627
1250,628
1251,629
1254,630
1261,631
1264,632
1279,633
1281,634
1292,635
1293,636
1299,637
1300,638
1312,639
1313,640
1314,641
1316,642
1325,643
1327,644
1333,645
1337,646
1349,647
1356,648
1371,649
1372,650
1374,651
1375,652
1377,653
1391,654
1397,655
1409,656
1410,657
1412,658
1425,659
1426,660
1442,661
1445,662
1448,663
1450,664
1453,665
1454,666
1456,667
1458,668
1459,669
1465,670
1466,671
1469,672
1470,673
1471,674
1472,675
1473,676
1482,677
1483,678
1485,679
1486,680
1490,681
1491,682
1492,683
1493,684
1498,685
1502,686
1508,687
1509,688
1516,689
1517,690
1519,691
1524,692
1527,693
1530,694
1532,695
1533,696
1534,697
1535,698
1536,699
1537,700
1538,701
1541,702
1542,703
1543,704
1546,705
1547,706
1548,707
1550,708
1554,709
1555,710
1557,711
1559,712
1561,713
1562,714
1563,715
1564,716
1565,717
1567,718
1568,719
1569,720
1570,721
1571,722
1572,723
1573,724
1574,725
1575,726
1576,727
1578,728
1579,729
1581,730
1583,731
1587,732
1588,733
1589,734
1590,735
1591,736
1592,737
1593,738
1594,739
1597,740
1599,741
1600,742
1601,743
1602,744
1603,745
1604,746
1606,747
1607,748
1608,749
1614,750
1617,751
1618,752
1623,753
1628,754
1629,755
1638,756
1642,757
1650,758
1651,759
1652,760
1655,761
1656,762
1660,763
1661,764
1663,765
1664,766
1666,767
1667,768
1668,769
1669,770
1672,771
1673,772
1674,773
1675,774
1676,775
1678,776
1683,777
1684,778
1685,779
1688,780
1690,781
1691,782
1693,783
1694,784
1695,785
1698,786
1699,787
1703,788
1704,789
1705,790
1706,791
1707,792
1708,793
1710,794
1711,795
1712,796
1713,797
1721,798
1722,799
1724,800
1725,801
1726,802
1727,803
1728,804
1734,805
1735,806
1737,807
1738,808
1739,809
1740,810
1743,811
1744,812
1745,813
1746,814
1769,815
1771,816
1775,817
1778,818
1792,819
1806,820
1807,821
1808,822
1810,823
1812,824
1816,825
1818,826
1823,827
1826,828
1827,829
1828,830
1835,831
1836,832
1837,833
1839,834
1840,835
1842,836
1844,837
1845,838
1846,839
1848,840
1852,841
1853,842
1856,843
1858,844
1860,845
1864,846
1865,847
1868,848
1872,849
1873,850
1878,851
1881,852
1882,853
1883,854
1884,855
1885,856
1886,857
1887,858
1889,859
1891,860
1892,861
1893,862
1897,863
1899,864
1912,865
1914,866
1915,867
1929,868
1932,869
1936,870
1941,871
1942,872
1946,873
1947,874
1955,875
1956,876
1962,877
1965,878
1972,879
1974,880
1975,881
1985,882
1986,883
1988,884
1991,885
2001,886
2002,887
2004,888
2011,889
2012,890
2014,891
2024,892
2025,893
2026,894
2030,895
2031,896
2032,897
2034,898
2035,899
2036,900
2037,901
2038,902
2039,903
2040,904
2041,905
2043,906
2044,907
2074,908
2075,909
2076,910
2084,911
2087,912
2089,913
2104,914
2105,915
2106,916
2108,917
2109,918
2110,919
2112,920
2113,921
2116,922
2127,923
2128,924
2129,925
2130,926
2142,927
2150,928
2151,929
2152,930
2153,931
2155,932
2156,933
2157,934
2158,935
2159,936
2161,937
2162,938
2164,939
2165,940
2166,941
2167,942
2200,943
2203,944
2204,945
2210,946
2213,947
2214,948
2215,949
2216,950
2221,951
2222,952
2223,953
2224,954
2225,955
2226,956
2227,957
2228,958
2229,959
2230,960
2231,961
2232,962
2233,963
2234,964
2243,965
2244,966
2245,967
2246,968
2251,969
2252,970
2253,971
2254,972
2255,973
2257,974
2259,975
2277,976
2280,977
2281,978
2282,979
2283,980
2284,981
2285,982
2287,983
2288,984
2308,985
2316,986
2330,987
2331,988
2333,989
2335,990
2337,991
2361,992
2362,993
2363,994
2364,995
2366,996
2367,997
2369,998
2382,999
2383,1000
2389,1001
2390,1002
2391,1003
2400,1004
2402,1005
2403,1006
2404,1007
2405,1008
2409,1009
2415,1010
2416,1011
2451,1012
2467,1013
2471,1014
2475,1015
2476,1016
2484,1017
2486,1018
2487,1019
2489,1020
2494,1021
2495,1022
2501,1023
2503,1024
2508,1025
2510,1026
2518,1027
2521,1028
2523,1029
2542,1030
2543,1031
2544,1032
2545,1033
2546,1034
2547,1035
2548,1036
2549,1037
2552,1038
2553,1039
2554,1040
2555,1041
2556,1042
2557,1043
2558,1044
2559,1045
2561,1046
2562,1047
2564,1048
2565,1049
2566,1050
2567,1051
2568,1052
2569,1053
2570,1054
2571,1055
2572,1056
2573,1057
2574,1058
2575,1059
2576,1060
2577,1061
2578,1062
2579,1063
2581,1064
2582,1065
2595,1066
2596,1067
2598,1068
2602,1069
2603,1070
2604,1071
2605,1072
2608,1073
2609,1074
2612,1075
2613,1076
2618,1077
2619,1078
2620,1079
2624,1080
2683,1081
2684,1082
2686,1083
2687,1084
2688,1085
2694,1086
2699,1087
2700,1088
2701,1089
2702,1090
2703,1091
2704,1092
2705,1093
2706,1094
2707,1095
2709,1096
2713,1097
2716,1098
2717,1099
2718,1100
2719,1101
2723,1102
2727,1103
2732,1104
2735,1105
2736,1106
2738,1107
2740,1108
2741,1109
2742,1110
2744,1111
2747,1112
2748,1113
2749,1114
2757,1115
2758,1116
2762,1117
2766,1118
2769,1119
2771,1120
2772,1121
2781,1122
2783,1123
2786,1124
2787,1125
2789,1126
2795,1127
2799,1128
2800,1129
2803,1130
2804,1131
2805,1132
2806,1133
2809,1134
2810,1135
2813,1136
2814,1137
2815,1138
2816,1139
2817,1140
2818,1141
2819,1142
2820,1143
2822,1144
2823,1145
2824,1146
2825,1147
2826,1148
2827,1149
2828,1150
2829,1151
2834,1152
2835,1153
2836,1154
2882,1155
2885,1156
2892,1157
2903,1158
2904,1159
2907,1160
2912,1161
2913,1162
2916,1163
2921,1164
2923,1165
2924,1166
2926,1167
2927,1168
2929,1169
2931,1170
2933,1171
2934,1172
2938,1173
2942,1174
2963,1175
2964,1176
2965,1177
2966,1178
2967,1179
2970,1180
2980,1181
2985,1182
2986,1183
2987,1184
2993,1185
3000,1186
3001,1187
3002,1188
3006,1189
3008,1190
3009,1191
3010,1192
3012,1193
3020,1194
3021,1195
3022,1196
3023,1197
3024,1198
3035,1199
3036,1200
3044,1201
3053,1202
3054,1203
3059,1204
3075,1205
3077,1206
3079,1207
3081,1208
3091,1209
3092,1210
3098,1211
3099,1212
3101,1213
3104,1214
3110,1215
3112,1216
3114,1217
3116,1218
3125,1219
3129,1220
3130,1221
3131,1222
3132,1223
3136,1224
3137,1225
3146,1226
3151,1227
3159,1228
3162,1229
3164,1230
3166,1231
3167,1232
3176,1233
3180,1234
3182,1235
3185,1236
3193,1237
3194,1238
3196,1239
3199,1240
3201,1241
3202,1242
3205,1243
3213,1244
3225,1245
3226,1246
3228,1247
3229,1248
3230,1249
3231,1250
3243,1251
3251,1252
3259,1253
3264,1254
3270,1255
3271,1256
3272,1257
3281,1258
3285,1259
3290,1260
3294,1261
3295,1262
3297,1263
3298,1264
3299,1265
3305,1266
3312,1267
3313,1268
3315,1269
3317,1270
3322,1271
3325,1272
3327,1273
3332,1274
3335,1275
3342,1276
3345,1277
3349,1278
3355,1279
3356,1280
3358,1281
3359,1282
3361,1283
3363,1284
3366,1285
3369,1286
3388,1287
3389,1288
3391,1289
3399,1290
3407,1291
3418,1292
3420,1293
3424,1294
3425,1295
3432,1296
3433,1297
3434,1298
3435,1299
3436,1300
3437,1301
3438,1302
3444,1303
3451,1304
3455,1305
3456,1306
3457,1307
3458,1308
3460,1309
3464,1310
3467,1311
3470,1312
3486,1313
3493,1314
3500,1315
3501,1316
3503,1317
3505,1318
3514,1319
3519,1320
3535,1321
3545,1322
3549,1323
3550,1324
3561,1325
3568,1326
3571,1327
3572,1328
3573,1329
3576,1330
3577,1331
3579,1332
3588,1333
3594,1334
3604,1335
3609,1336
3613,1337
3614,1338
3615,1339
3616,1340
3619,1341
3627,1342
3630,1343
3631,1344
3637,1345
3638,1346
3653,1347
3654,1348
3655,1349
3656,1350
3660,1351
3667,1352
3668,1353
3670,1354
3672,1355
3673,1356
3676,1357
3683,1358
3689,1359
3690,1360
3691,1361
3692,1362
3701,1363
3704,1364
3710,1365
3712,1366
3713,1367
3723,1368
3724,1369
3731,1370
3736,1371
3737,1372
3738,1373
3750,1374
3754,1375
3761,1376
3765,1377
3768,1378
3769,1379
3772,1380
3776,1381
3800,1382
3806,1383
3807,1384
3808,1385
3809,1386
3810,1387
3811,1388
3812,1389
3819,1390
3822,1391
3823,1392
3825,1393
3827,1394
3834,1395
3835,1396
3836,1397
3837,1398
3838,1399
3839,1400
3840,1401
3841,1402
3844,1403
3845,1404
3858,1405
3859,1406
3869,1407
3870,1408
3873,1409
3874,1410
3875,1411
3876,1412
3877,1413
3878,1414
3879,1415
3880,1416
3881,1417
3885,1418
3900,1419
3907,1420
3909,1421
3915,1422
3927,1423
3932,1424
3935,1425
3936,1426
3937,1427
3947,1428
3958,1429
3960,1430
3962,1431
3969,1432
3972,1433
3973,1434
3974,1435
3975,1436
4013,1437
4021,1438
4023,1439
4024,1440
4025,1441
4028,1442
4038,1443
4039,1444
4044,1445
4049,1446
4050,1447
4051,1448
4052,1449
4054,1450
4056,1451
4060,1452
4061,1453
4062,1454
4063,1455
4066,1456
4067,1457
4068,1458
4069,1459
4073,1460
4080,1461
4081,1462
4083,1463
4086,1464
4087,1465
4101,1466
4104,1467
4113,1468
4114,1469
4119,1470
4121,1471
4130,1472
4132,1473
4136,1474
4151,1475
4154,1476
4177,1477
4181,1478
4183,1479
4186,1480
4187,1481
4189,1482
4191,1483
4192,1484
4196,1485
4197,1486
4198,1487
4199,1488
4208,1489
4209,1490
4211,1491
4214,1492
4224,1493
4240,1494
4242,1495
4244,1496
4262,1497
4264,1498
4266,1499
4286,1500
4314,1501
4316,1502
4331,1503
4332,1504
4334,1505
4339,1506
4362,1507
4375,1508
4382,1509
4383,1510
4411,1511
4415,1512
4416,1513
4417,1514
4418,1515
4419,1516
4427,1517
4439,1518
4443,1519
4444,1520
4460,1521
4468,1522
4477,1523
4483,1524
4486,1525
4503,1526
4504,1527
4511,1528
4514,1529
4515,1530
4532,1531
4535,1532
4536,1533
4547,1534
4548,1535
4549,1536
4550,1537
4551,1538
4553,1539
4554,1540
4563,1541
4574,1542
4581,1543
4584,1544
4586,1545
4591,1546
4597,1547
4598,1548
4599,1549
4614,1550
4615,1551
4616,1552
4618,1553
4651,1554
4654,1555
4657,1556
4660,1557
4662,1558
4663,1559
4667,1560
4684,1561
4690,1562
4709,1563
4719,1564
4720,1565
4722,1566
4723,1567
4725,1568
4726,1569
4737,1570
4742,1571
4744,1572
4752,1573
4773,1574
4782,1575
4789,1576
4800,1577
4801,1578
4807,1579
4808,1580
4810,1581
4814,1582
4823,1583
4853,1584
4879,1585
4884,1586
4896,1587
4898,1588
4903,1589
4908,1590
4928,1591
4929,1592
4933,1593
4935,1594
4936,1595
4939,1596
4940,1597
4962,1598
4975,1599
4981,1600
4999,1601
5005,1602
5018,1603
5022,1604
5023,1605
5027,1606
5028,1607
5030,1608
5032,1609
5034,1610
5039,1611
5040,1612
5041,1613
5052,1614
5060,1615
5070,1616
5071,1617
5074,1618
5075,1619
5079,1620
5081,1621
5082,1622
5085,1623
5088,1624
5089,1625
5091,1626
5104,1627
5112,1628
5114,1629
5118,1630
5129,1631
5131,1632
5132,1633
5140,1634
5141,1635
5143,1636
5150,1637
5153,1638
5155,1639
5162,1640
5164,1641
5165,1642
5189,1643
5193,1644
5197,1645
5200,1646
5201,1647
5203,1648
5207,1649
5217,1650
5220,1651
5223,1652
5226,1653
5231,1654
5233,1655
5234,1656
5235,1657
5241,1658
5249,1659
5250,1660
5258,1661
5260,1662
5262,1663
5267,1664
5273,1665
5274,1666
5276,1667
5277,1668
5278,1669
5287,1670
5292,1671
5300,1672
5304,1673
5307,1674
5311,1675
5322,1676
5337,1677
5341,1678
5342,1679
5343,1680
5344,1681
5355,1682
5356,1683
5374,1684
5375,1685
5395,1686
5397,1687
5420,1688
5440,1689
5454,1690
5474,1691
5475,1692
5476,1693
5477,1694
5478,1695
5485,1696
5494,1697
5504,1698
5505,1699
5507,1700
5520,1701
5525,1702
5530,1703
5534,1704
5583,1705
5597,1706
5600,1707
5602,1708
5618,1709
5628,1710
5630,1711
5636,1712
5658,1713
5670,1714
5671,1715
5675,1716
5678,1717
5680,1718
5682,1719
5684,1720
5688,1721
5690,1722
5702,1723
5712,1724
5725,1725
5734,1726
5760,1727
5763,1728
5810,1729
5821,1730
5829,1731
5830,1732
5832,1733
5833,1734
5834,1735
5835,1736
5841,1737
5842,1738
5854,1739
5880,1740
5883,1741
5886,1742
5891,1743
5908,1744
5909,1745
5914,1746
5935,1747
5938,1748
5940,1749
5941,1750
5945,1751
5953,1752
5957,1753
5958,1754
5962,1755
5967,1756
5968,1757
5973,1758
5983,1759
5984,1760
5992,1761
5997,1762
6008,1763
6012,1764
6023,1765
6024,1766
6030,1767
6033,1768
6045,1769
6055,1770
6056,1771
6067,1772
6069,1773
6075,1774
6077,1775
6087,1776
6093,1777
6098,1778
6112,1779
6114,1780
6116,1781
6117,1782
6119,1783
6129,1784
6130,1785
6131,1786
6164,1787
6165,1788
6166,1789
6195,1790
6201,1791
6203,1792
6205,1793
6211,1794
6213,1795
6261,1796
6262,1797
6277,1798
6280,1799
6303,1800
6311,1801
6318,1802
6324,1803
6347,1804
6374,1805
6375,1806
6377,1807
6381,1808
6383,1809
6397,1810
6425,1811
6428,1812
6444,1813
6448,1814
6452,1815
6468,1816
6472,1817
6481,1818
6482,1819
6491,1820
6500,1821
6505,1822
6509,1823
6511,1824
6512,1825
6520,1826
6523,1827
6525,1828
6547,1829
6560,1830
6571,1831
6573,1832
6574,1833
6582,1834
6583,1835
6586,1836
6594,1837
6604,1838
6609,1839
6625,1840
6629,1841
6633,1842
6634,1843
6636,1844
6645,1845
6658,1846
6672,1847
6674,1848
6676,1849
6682,1850
6701,1851
6702,1852
6707,1853
6712,1854
6721,1855
6727,1856
6730,1857
6731,1858
6746,1859
6747,1860
6758,1861
6771,1862
6773,1863
6774,1864
6779,1865
6798,1866
6802,1867
6811,1868
6822,1869
6867,1870
6868,1871
6875,1872
6880,1873
6889,1874
6890,1875
6895,1876
6899,1877
6900,1878
6901,1879
6902,1880
6907,1881
6917,1882
6918,1883
6919,1884
6920,1885
6947,1886
6956,1887
6970,1888
6971,1889
6973,1890
6974,1891
6979,1892
6980,1893
6981,1894
6989,1895
6992,1896
7004,1897
7048,1898
7054,1899
7058,1900
7062,1901
7079,1902
7081,1903
7082,1904
7088,1905
7103,1906
7106,1907
7109,1908
7148,1909
7152,1910
7160,1911
7175,1912
7176,1913
7193,1914
7229,1915
7230,1916
7245,1917
7247,1918
7307,1919
7334,1920
7395,1921
7405,1922
7423,1923
7448,1924
7452,1925
7463,1926
7466,1927
7479,1928
7504,1929
7511,1930
7522,1931
7551,1932
7561,1933
7569,1934
7575,1935
7580,1936
7588,1937
7590,1938
7592,1939
7593,1940
7605,1941
7617,1942
7619,1943
7625,1944
7627,1945
7639,1946
7643,1947
7645,1948
7647,1949
7655,1950
7661,1951
7662,1952
7674,1953
7705,1954
7720,1955
7721,1956
7723,1957
7724,1958
7750,1959
7751,1960
7761,1961
7768,1962
7769,1963
7770,1964
7779,1965
7785,1966
7791,1967
7793,1968
7805,1969
7808,1970
7817,1971
7845,1972
7867,1973
7904,1974
7955,1975
7980,1976
7981,1977
8011,1978
8025,1979
8041,1980
8057,1981
8065,1982
8074,1983
8086,1984
8123,1985
8129,1986
8130,1987
8139,1988
8140,1989
8158,1990
8176,1991
8183,1992
8187,1993
8189,1994
8194,1995
8195,1996
8206,1997
8213,1998
8215,1999
8216,2000
8217,2001
8220,2002
8234,2003
8235,2004
8239,2005
8240,2006
8241,2007
8244,2008
8277,2009
8285,2010
8287,2011
8311,2012
8333,2013
8345,2014
8373,2015
8375,2016
8394,2017
8407,2018
8409,2019
8410,2020
8424,2021
8425,2022
8426,2023
8436,2024
8449,2025
8476,2026
8479,2027
8486,2028
8503,2029
8516,2030
8520,2031
8521,2032
8525,2033
8526,2034
8532,2035
8533,2036
8536,2037
8538,2038
8542,2039
8553,2040
8557,2041
8595,2042
8624,2043
8630,2044
8631,2045
8675,2046
8676,2047
8682,2048
8689,2049
8701,2050
8706,2051
8726,2052
8743,2053
8753,2054
8763,2055
8764,2056
8765,2057
8769,2058
8777,2059
8786,2060
8795,2061
8799,2062
8812,2063
8815,2064
8841,2065
8853,2066
8861,2067
8879,2068
8890,2069
8897,2070
8899,2071
8900,2072
8915,2073
8917,2074
8925,2075
8934,2076
8935,2077
8936,2078
8937,2079
8956,2080
8957,2081
8958,2082
8960,2083
8961,2084
8964,2085
8968,2086
8999,2087
9013,2088
9015,2089
9028,2090
9041,2091
9065,2092
9070,2093
9074,2094
9106,2095
9107,2096
9119,2097
9181,2098
9200,2099
9205,2100
9241,2101
9253,2102
9284,2103
9289,2104
9314,2105
9330,2106
9331,2107
9345,2108
9346,2109
9367,2110
9379,2111
9395,2112
9423,2113
9424,2114
9433,2115
9438,2116
9441,2117
9455,2118
9479,2119
9493,2120
9510,2121
9513,2122
9520,2123
9539,2124
9540,2125
9561,2126
9587,2127
9598,2128
9613,2129
9624,2130
9627,2131
9656,2132
9662,2133
9689,2134
9693,2135
9712,2136
9736,2137
9750,2138
9756,2139
9768,2140
9770,2141
9776,2142
9781,2143
9799,2144
9806,2145
9807,2146
9810,2147
9811,2148
9812,2149
9821,2150
9822,2151
9834,2152
9846,2153
9863,2154
9869,2155
9881,2156
9882,2157
9883,2158
9884,2159
9893,2160
9900,2161
9905,2162
9906,2163
9911,2164
9916,2165
9919,2166
9922,2167
9926,2168
9934,2169
9936,2170
9938,2171
9941,2172
9947,2173
9949,2174
9950,2175
9952,2176
9969,2177
9978,2178
9981,2179
9989,2180
9996,2181
10014,2182
10015,2183
10020,2184
10030,2185
10033,2186
10049,2187
10073,2188
10079,2189
10080,2190
10087,2191
10109,2192
10110,2193
10118,2194
10135,2195
10137,2196
10138,2197
10155,2198
10156,2199
10161,2200
10162,2201
10163,2202
10165,2203
10177,2204
10187,2205
10194,2206
10197,2207
10210,2208
10213,2209
10216,2210
10217,2211
10224,2212
10232,2213
10236,2214
10241,2215
10242,2216
10250,2217
10257,2218
10258,2219
10271,2220
10278,2221
10282,2222
10308,2223
10319,2224
10321,2225
10323,2226
10324,2227
10330,2228
10336,2229
10338,2230
10346,2231
10347,2232
10348,2233
10349,2234
10354,2235
10357,2236
10359,2237
10360,2238
10370,2239
10372,2240
10378,2241
10379,2242
10384,2243
10396,2244
10397,2245
10431,2246
10444,2247
10447,2248
10448,2249
10456,2250
10459,2251
10460,2252
10464,2253
10465,2254
10490,2255
10495,2256
10507,2257
10513,2258
10519,2259
10521,2260
10524,2261
10525,2262
10526,2263
10527,2264
10528,2265
10532,2266
10533,2267
10540,2268
10541,2269
10554,2270
10562,2271
10568,2272
10572,2273
10578,2274
10588,2275
10607,2276
10611,2277
10620,2278
10623,2279
10671,2280
10711,2281
10719,2282
10721,2283
10736,2284
10766,2285
10774,2286
10790,2287
10793,2288
10798,2289
10800,2290
10801,2291
10802,2292
10808,2293
10810,2294
10815,2295
10838,2296
10842,2297
10847,2298
10855,2299
10856,2300
10859,2301
10869,2302
10870,2303
10884,2304
10887,2305
10889,2306
10893,2307
10908,2308
10954,2309
10958,2310
10979,2311
10987,2312
11013,2313
11017,2314
11021,2315
11061,2316
11079,2317
11103,2318
11111,2319
11123,2320
11177,2321
11179,2322
11203,2323
11213,2324
11227,2325
11235,2326
11239,2327
11241,2328
11268,2329
11275,2330
11285,2331
11307,2332
11319,2333
11341,2334
11371,2335
11385,2336
11421,2337
11433,2338
11457,2339
11491,2340
11497,2341
11499,2342
11521,2343
11545,2344
11547,2345
11589,2346
11595,2347
11597,2348
11611,2349
11615,2350
11617,2351
11633,2352
11661,2353
11665,2354
11679,2355
11687,2356
11689,2357
11691,2358
11697,2359
11703,2360
11729,2361
11739,2362
11741,2363
11751,2364
11757,2365
11759,2366
11761,2367
11763,2368
11769,2369
11771,2370
11783,2371
11785,2372
11789,2373
11809,2374
11829,2375
11835,2376
11837,2377
11841,2378
11843,2379
11857,2380
11859,2381
11869,2382
11873,2383
11883,2384
11887,2385
11897,2386
11915,2387
11919,2388
11933,2389
12021,2390
12031,2391
12039,2392
12119,2393
12123,2394
12139,2395
12145,2396
12149,2397
12157,2398
12175,2399
12181,2400
12189,2401
12191,2402
12237,2403
12281,2404
12291,2405
12293,2406
12317,2407
12321,2408
12341,2409
12359,2410
12361,2411
12365,2412
12367,2413
12391,2414
12393,2415
12403,2416
12411,2417
12413,2418
12431,2419
12433,2420
12445,2421
12461,2422
12467,2423
12471,2424
12481,2425
12483,2426
12487,2427
12531,2428
12549,2429
12611,2430
12651,2431
12677,2432
12679,2433
12711,2434
12753,2435
12755,2436
12763,2437
12815,2438
12863,2439
12865,2440
12875,2441
12883,2442
12897,2443
12907,2444
12929,2445
12963,2446
12967,2447
12979,2448
13029,2449
13041,2450
13115,2451
13125,2452
13139,2453
13141,2454
13143,2455
13145,2456
13159,2457
13161,2458
13163,2459
13177,2460
13179,2461
13185,2462
13201,2463
13203,2464
13207,2465
13231,2466
13233,2467
13251,2468
13255,2469
13261,2470
13307,2471
13331,2472
13333,2473
13349,2474
13359,2475
13367,2476
13377,2477
13409,2478
13427,2479
13455,2480
13503,2481
13515,2482
13519,2483
13535,2484
13541,2485
13543,2486
13563,2487
13585,2488
13599,2489
13601,2490
13655,2491
13659,2492
13663,2493
13679,2494
13759,2495
13769,2496
13793,2497
14045,2498
14069,2499
14073,2500
14075,2501
14077,2502
14093,2503
14123,2504
14131,2505
14199,2506
14211,2507
14213,2508
14227,2509
14235,2510
14237,2511
14277,2512
14283,2513
14289,2514
14333,2515
14345,2516
14355,2517
14397,2518
14467,2519
14511,2520
14513,2521
14515,2522
14519,2523
14527,2524
14537,2525
14563,2526
14645,2527
14653,2528
14693,2529
14713,2530
14719,2531
14741,2532
14743,2533
14749,2534
14751,2535
14765,2536
14811,2537
14813,2538
14827,2539
14829,2540
14833,2541
14913,2542
14921,2543
14941,2544
14967,2545
14989,2546
15005,2547
15043,2548
15045,2549
15051,2550
15059,2551
15061,2552
15085,2553
15109,2554
15119,2555
15125,2556
15195,2557
15225,2558
15313,2559
15315,2560
15359,2561
15377,2562
15379,2563
15389,2564
15417,2565
15451,2566
15489,2567
15545,2568
15547,2569
15565,2570
15579,2571
15583,2572
15605,2573
15611,2574
15613,2575
15649,2576
15651,2577
15657,2578
15687,2579
15689,2580
15699,2581
15731,2582
15751,2583
15787,2584
15793,2585
15795,2586
15809,2587
15863,2588
15865,2589
15873,2590
15875,2591
15883,2592
15895,2593
15905,2594
15911,2595
15913,2596
15915,2597
15979,2598
16005,2599
16009,2600
16011,2601
16027,2602
16035,2603
16049,2604
16051,2605
16067,2606
16101,2607
16123,2608
16131,2609
16157,2610
16169,2611
16201,2612
16211,2613
16241,2614
16317,2615
16331,2616
16347,2617
16353,2618
16355,2619
16385,2620
16389,2621
16393,2622
16397,2623
16405,2624
16417,2625
16419,2626
16454,2627
16486,2628
16498,2629
16512,2630
16518,2631
16524,2632
16526,2633
16530,2634
16592,2635
16602,2636
16604,2637
16606,2638
16608,2639
16610,2640
16636,2641
16650,2642
16668,2643
16690,2644
16692,2645
16696,2646
16706,2647
16718,2648
16726,2649
16732,2650
16742,2651
16774,2652
16890,2653
16894,2654
16906,2655
16908,2656
16910,2657
16918,2658
16936,2659
16982,2660
17074,2661
17080,2662
17082,2663
17088,2664
17090,2665
17092,2666
17102,2667
17115,2668
17127,2669
17141,2670
17147,2671
17211,2672
17237,2673
17247,2674
17249,2675
17265,2676
17267,2677
17291,2678
17295,2679
17353,2680
17389,2681
17397,2682
17497,2683
17505,2684
17513,2685
17521,2686
17549,2687
17563,2688
17601,2689
17613,2690
17624,2691
17637,2692
17651,2693
17681,2694
17697,2695
17703,2696
17705,2697
17707,2698
17727,2699
17729,2700
17731,2701
17733,2702
17741,2703
17777,2704
17821,2705
17827,2706
17831,2707
17843,2708
17849,2709
17873,2710
17887,2711
17893,2712
17895,2713
17909,2714
17917,2715
17919,2716
18001,2717
18005,2718
18041,2719
18047,2720
18055,2721
18095,2722
18097,2723
18099,2724
18115,2725
18119,2726
18121,2727
18133,2728
18137,2729
18139,2730
18153,2731
18155,2732
18179,2733
18191,2734
18195,2735
18205,2736
18229,2737
18245,2738
18247,2739
18277,2740
18295,2741
18353,2742
18365,2743
18389,2744
18391,2745
18411,2746
18413,2747
18447,2748
18449,2749
18465,2750
18495,2751
18497,2752
18507,2753
18523,2754
18635,2755
18671,2756
18677,2757
18679,2758
18689,2759
18767,2760
18771,2761
18841,2762
18845,2763
18857,2764
18893,2765
18897,2766
18937,2767
18939,2768
18953,2769
19023,2770
19067,2771
19087,2772
19111,2773
19117,2774
19121,2775
19133,2776
19151,2777
19157,2778
19163,2779
19169,2780
19207,2781
19221,2782
19257,2783
19291,2784
19305,2785
19315,2786
19319,2787
19337,2788
19363,2789
19365,2790
19367,2791
19369,2792
19383,2793
19429,2794
19445,2795
19467,2796
19469,2797
19495,2798
19501,2799
19547,2800
19581,2801
19585,2802
19647,2803
19685,2804
19703,2805
19755,2806
19769,2807
19775,2808
19815,2809
19825,2810
19841,2811
19843,2812
19855,2813
19871,2814
19873,2815
19875,2816
19877,2817
19919,2818
19925,2819
19947,2820
19959,2821
19961,2822
19965,2823
19995,2824
19999,2825
20005,2826
20025,2827
20031,2828
20033,2829
20047,2830
20053,2831
20057,2832
20075,2833
20077,2834
20087,2835
20117,2836
20147,2837
20183,2838
20223,2839
20231,2840
20267,2841
20329,2842
20355,2843
20359,2844
20431,2845
20457,2846
20473,2847
20505,2848
20507,2849
20509,2850
20533,2851
20541,2852
20555,2853
20581,2854
20583,2855
20689,2856
20705,2857
20709,2858
20785,2859
20787,2860
20811,2861
20847,2862
20853,2863
20869,2864
20899,2865
20931,2866
20945,2867
20955,2868
20965,2869
20971,2870
20973,2871
21013,2872
21019,2873
21033,2874
21039,2875
21065,2876
21067,2877
21073,2878
21077,2879
21085,2880
21105,2881
21107,2882
21167,2883
21177,2884
21185,2885
21241,2886
21267,2887
21273,2888
21275,2889
21325,2890
21327,2891
21333,2892
21335,2893
21353,2894
21405,2895
21407,2896
21421,2897
21427,2898
21431,2899
21435,2900
21437,2901
21439,2902
21471,2903
21487,2904
21491,2905
21507,2906
21509,2907
21511,2908
21523,2909
21539,2910
21553,2911
21561,2912
21563,2913
21573,2914
21587,2915
21591,2916
21603,2917
21607,2918
21639,2919
21641,2920
21671,2921
21677,2922
21681,2923
21713,2924
21729,2925
21743,2926
21775,2927
21797,2928
21809,2929
21821,2930
21835,2931
21843,2932
21845,2933
21851,2934
21855,2935
21863,2936
21875,2937
21877,2938
21881,2939
21939,2940
21995,2941
21997,2942
21999,2943
22013,2944
22043,2945
22065,2946
22099,2947
22101,2948
22113,2949
22123,2950
22135,2951
22145,2952
22147,2953
22189,2954
22199,2955
22205,2956
22215,2957
22221,2958
22225,2959
22265,2960
22273,2961
22297,2962
22319,2963
22345,2964
22359,2965
22377,2966
22381,2967
22433,2968
22439,2969
22441,2970
22507,2971
22535,2972
22537,2973
22541,2974
22547,2975
22593,2976
22651,2977
22657,2978
22663,2979
22671,2980
22687,2981
22693,2982
22729,2983
22733,2984
22735,2985
22755,2986
22777,2987
22785,2988
22789,2989
22817,2990
22831,2991
22835,2992
22865,2993
22877,2994
22953,2995
22955,2996
22983,2997
23001,2998
23013,2999
23037,3000
23067,3001
23079,3002
23107,3003
23121,3004
23133,3005
23135,3006
23149,3007
23151,3008
23199,3009
23201,3010
23209,3011
23213,3012
23229,3013
23233,3014
23251,3015
23259,3016
23269,3017
23273,3018
23277,3019
23281,3020
23283,3021
23285,3022
23289,3023
23309,3024
23311,3025
23313,3026
23321,3027
23325,3028
23327,3029
23333,3030
23341,3031
23347,3032
23349,3033
23351,3034
23387,3035
23393,3036
23401,3037
23405,3038
23409,3039
23421,3040
23433,3041
23439,3042
23499,3043
23511,3044
23551,3045
23587,3046
23605,3047
23621,3048
23623,3049
23673,3050
23737,3051
23755,3052
23787,3053
23835,3054
23837,3055
23847,3056
23857,3057
23897,3058
23901,3059
23903,3060
23915,3061
23945,3062
24011,3063
24031,3064
24037,3065
24051,3066
24053,3067
24075,3068
24121,3069
24127,3070
24133,3071
24135,3072
24169,3073
24211,3074
24231,3075
24277,3076
24403,3077
24405,3078
24415,3079
24417,3080
24437,3081
24439,3082
24443,3083
24455,3084
24625,3085
24629,3086
24699,3087
24701,3088
24703,3089
24705,3090
24713,3091
24719,3092
24765,3093
24793,3094
24807,3095
24809,3096
24833,3097
24835,3098
24839,3099
24847,3100
24855,3101
24873,3102
24875,3103
24893,3104
24909,3105
24969,3106
25013,3107
25045,3108
25049,3109
25059,3110
25099,3111
25157,3112
25159,3113
25183,3114
25241,3115
25283,3116
25293,3117
25377,3118
25393,3119
25397,3120
25429,3121
25517,3122
25519,3123
25543,3124
25609,3125
25611,3126
25615,3127
25649,3128
25681,3129
25717,3130
25731,3131
25777,3132
25809,3133
25835,3134
25839,3135
25859,3136
25867,3137
25873,3138
25875,3139
25879,3140
25939,3141
25965,3142
25967,3143
25991,3144
25999,3145
26007,3146
26009,3147
26013,3148
26017,3149
26055,3150
26085,3151
26165,3152
26243,3153
26347,3154
26349,3155
26351,3156
26395,3157
26441,3158
26443,3159
26453,3160
27441,3161
27451,3162
27453,3163
27455,3164
27457,3165
27459,3166
27465,3167
27503,3168
27525,3169
27551,3170
27589,3171
27621,3172
27629,3173
27631,3174
27655,3175
27663,3176
27687,3177
27693,3178
27721,3179
27727,3180
27737,3181
27741,3182
27757,3183
27775,3184
27783,3185
27785,3186
27787,3187
27811,3188
27815,3189
27829,3190
27831,3191
27833,3192
27857,3193
27899,3194
27911,3195
27927,3196
27947,3197
27949,3198
27951,3199
27957,3200
27965,3201
27989,3202
27991,3203
28013,3204
28025,3205
28121,3206
28145,3207
28149,3208
28151,3209
28155,3210
28171,3211
28185,3212
28201,3213
28207,3214
28215,3215
28221,3216
28223,3217
28247,3218
28249,3219
28283,3220
28297,3221
28381,3222
28387,3223
28391,3224
28401,3225
28423,3226
28431,3227
28497,3228
28537,3229
28591,3230
28595,3231
28607,3232
28617,3233
28619,3234
28621,3235
28623,3236
28631,3237
28665,3238
28669,3239
28673,3240
28677,3241
28701,3242
28717,3243
28733,3244
28735,3245
28791,3246
28817,3247
28819,3248
28825,3249
28833,3250
28835,3251
28861,3252
28869,3253
28883,3254
28891,3255
28907,3256
28921,3257
28927,3258
28929,3259
28977,3260
28979,3261
28981,3262
28999,3263
29017,3264
29035,3265
29067,3266
29087,3267
29089,3268
29095,3269
29163,3270
29173,3271
29325,3272
29367,3273
29373,3274
29391,3275
29393,3276
29395,3277
29397,3278
29425,3279
29427,3280
29429,3281
29433,3282
29435,3283
29589,3284
29603,3285
29605,3286
29687,3287
29715,3288
29722,3289
29731,3290
29746,3291
29758,3292
29785,3293
29786,3294
29787,3295
29803,3296
29821,3297
29822,3298
29836,3299
29843,3300
29854,3301
29860,3302
29861,3303
29865,3304
29876,3305
29935,3306
29936,3307
29937,3308
29941,3309
29954,3310
29971,3311
29972,3312
29973,3313
29974,3314
29975,3315
29976,3316
29978,3317
29979,3318
29995,3319
30013,3320
30014,3321
30015,3322
30016,3323
30028,3324
30030,3325
30039,3326
30058,3327
30080,3328
30091,3329
30093,3330
30094,3331
30105,3332
30106,3333
30123,3334
30127,3335
30144,3336
30152,3337
30155,3338
30156,3339
30166,3340
30173,3341
30187,3342
30205,3343
30230,3344
30232,3345
30240,3346
30249,3347
30251,3348
30276,3349
30279,3350
30291,3351
30296,3352
30307,3353
30324,3354
30344,3355
30355,3356
30358,3357
30363,3358
30367,3359
30375,3360
30382,3361
30383,3362
30384,3363
30385,3364
30386,3365
30409,3366
30410,3367
30412,3368
30435,3369
30437,3370
30442,3371
30463,3372
30484,3373
30485,3374
30503,3375
30514,3376
30519,3377
30524,3378
30544,3379
30549,3380
30567,3381
30602,3382
30605,3383
30647,3384
30649,3385
30651,3386
30652,3387
30654,3388
30663,3389
30694,3390
30705,3391
30721,3392
30727,3393
30736,3394
30740,3395
30746,3396
30749,3397
30751,3398
30757,3399
30766,3400
30781,3401
30782,3402
30795,3403
30796,3404
30806,3405
30826,3406
30829,3407
30831,3408
30842,3409
30851,3410
30892,3411
30895,3412
30901,3413
30911,3414
30912,3415
30916,3416
30925,3417
30947,3418
30948,3419
30954,3420
30989,3421
31018,3422
31043,3423
31044,3424
31049,3425
31054,3426
31057,3427
31064,3428
31068,3429
31071,3430
31072,3431
31073,3432
31080,3433
31091,3434
31098,3435
31102,3436
31105,3437
31108,3438
31109,3439
31121,3440
31139,3441
31143,3442
31147,3443
31157,3444
31163,3445
31164,3446
31173,3447
31174,3448
31177,3449
31178,3450
31181,3451
31196,3452
31211,3453
31221,3454
31223,3455
31227,3456
31229,3457
31233,3458
31237,3459
31240,3460
31246,3461
31251,3462
31302,3463
31309,3464
31318,3465
31338,3466
31339,3467
31362,3468
31370,3469
31374,3470
31376,3471
31377,3472
31402,3473
31404,3474
31405,3475
31410,3476
31414,3477
31417,3478
31422,3479
31427,3480
31430,3481
31433,3482
31439,3483
31440,3484
31442,3485
31452,3486
31456,3487
31467,3488
31471,3489
31478,3490
31498,3491
31499,3492
31500,3493
31505,3494
31512,3495
31517,3496
31519,3497
31534,3498
31537,3499
31540,3500
31547,3501
31549,3502
31559,3503
31560,3504
31564,3505
31566,3506
31573,3507
31578,3508
31580,3509
31588,3510
31592,3511
31598,3512
31603,3513
31610,3514
31618,3515
31621,3516
31624,3517
31629,3518
31630,3519
31631,3520
31633,3521
31634,3522
31636,3523
31637,3524
31646,3525
31670,3526
31673,3527
31674,3528
31680,3529
31685,3530
31686,3531
31687,3532
31689,3533
31691,3534
31696,3535
31698,3536
31699,3537
31706,3538
31710,3539
31716,3540
31722,3541
31733,3542
31737,3543
31741,3544
31747,3545
31749,3546
31764,3547
31771,3548
31777,3549
31783,3550
31790,3551
31793,3552
31798,3553
31804,3554
31807,3555
31815,3556
31821,3557
31827,3558
31838,3559
31845,3560
31846,3561
31848,3562
31859,3563
31865,3564
31884,3565
31890,3566
31892,3567
31893,3568
31898,3569
31904,3570
31911,3571
31914,3572
31931,3573
31933,3574
31952,3575
31953,3576
31964,3577
31965,3578
31966,3579
31973,3580
31988,3581
31994,3582
32011,3583
32013,3584
32023,3585
32032,3586
32038,3587
32039,3588
32058,3589
32059,3590
32083,3591
32084,3592
32093,3593
32094,3594
32105,3595
32144,3596
32171,3597
32175,3598
32182,3599
32189,3600
32191,3601
32212,3602
32214,3603
32219,3604
32221,3605
32228,3606
32230,3607
32237,3608
32245,3609
32248,3610
32251,3611
32254,3612
32262,3613
32268,3614
32271,3615
32274,3616
32282,3617
32287,3618
32288,3619
32289,3620
32291,3621
32293,3622
32294,3623
32295,3624
32296,3625
32297,3626
32298,3627
32301,3628
32309,3629
32313,3630
32323,3631
32360,3632
32370,3633
32377,3634
32379,3635
32384,3636
32385,3637
32400,3638
32407,3639
32438,3640
32447,3641
32448,3642
32454,3643
32467,3644
32483,3645
32491,3646
32494,3647
32526,3648
32542,3649
32543,3650
32548,3651
32555,3652
32557,3653
32571,3654
32572,3655
32580,3656
32581,3657
32582,3658
32585,3659
32590,3660
32595,3661
32596,3662
32601,3663
32603,3664
32606,3665
32607,3666
32608,3667
32613,3668
32615,3669
32630,3670
32637,3671
32639,3672
32642,3673
32644,3674
32648,3675
32660,3676
32663,3677
32664,3678
32665,3679
32666,3680
32668,3681
32670,3682
32673,3683
32681,3684
32682,3685
32686,3686
32691,3687
32695,3688
32696,3689
32697,3690
32707,3691
32717,3692
32729,3693
32735,3694
32737,3695
32739,3696
32772,3697
32785,3698
32792,3699
32802,3700
32805,3701
32807,3702
32818,3703
32819,3704
32820,3705
32821,3706
32827,3707
32828,3708
32829,3709
32830,3710
32836,3711
32843,3712
32863,3713
32866,3714
32867,3715
32878,3716
32881,3717
32887,3718
32894,3719
32899,3720
32901,3721
32906,3722
32924,3723
32932,3724
32933,3725
32935,3726
32936,3727
32937,3728
32946,3729
32947,3730
32948,3731
32949,3732
32951,3733
32954,3734
32959,3735
32961,3736
32962,3737
32977,3738
32979,3739
32981,3740
32983,3741
32995,3742
32998,3743
32999,3744
33003,3745
33011,3746
33012,3747
33018,3748
33019,3749
33021,3750
33023,3751
33026,3752
33027,3753
33028,3754
33031,3755
33037,3756
33038,3757
33041,3758
33042,3759
33045,3760
33046,3761
33047,3762
33051,3763
33080,3764
33086,3765
33089,3766
33091,3767
33094,3768
33095,3769
33113,3770
33119,3771
33122,3772
33163,3773
33184,3774
33192,3775
33193,3776
33194,3777
33196,3778
33197,3779
33203,3780
33205,3781
33206,3782
33209,3783
33213,3784
33222,3785
33225,3786
33226,3787
33240,3788
33241,3789
33244,3790
33245,3791
33253,3792
33255,3793
33258,3794
33266,3795
33271,3796
33273,3797
33274,3798
33276,3799
33278,3800
33279,3801
33281,3802
33282,3803
33283,3804
33299,3805
33305,3806
33309,3807
33312,3808
33314,3809
33337,3810
33339,3811
33341,3812
33350,3813
33352,3814
33354,3815
33357,3816
33362,3817
33366,3818
33371,3819
33377,3820
33387,3821
33392,3822
33394,3823
33396,3824
33417,3825
33419,3826
33421,3827
33429,3828
33430,3829
33431,3830
33433,3831
33434,3832
33446,3833
33447,3834
33455,3835
33462,3836
33473,3837
33475,3838
33478,3839
33486,3840
33487,3841
33489,3842
33490,3843
33493,3844
33500,3845
33502,3846
33506,3847
33508,3848
33512,3849
33522,3850
33527,3851
33529,3852
33531,3853
33532,3854
33534,3855
33535,3856
33536,3857
33537,3858
33541,3859
33546,3860
33549,3861
33562,3862
33570,3863
33571,3864
33572,3865
33573,3866
33589,3867
33599,3868
33600,3869
33601,3870
33602,3871
33603,3872
33604,3873
33605,3874
33630,3875
33654,3876
33661,3877
33668,3878
33690,3879
33692,3880
33693,3881
33694,3882
33698,3883
33702,3884
33704,3885
33708,3886
33723,3887
33726,3888
33731,3889
33733,3890
33734,3891
33739,3892
33743,3893
33746,3894
33753,3895
33755,3896
33758,3897
33759,3898
33760,3899
33761,3900
33762,3901
33763,3902
33764,3903
33770,3904
33771,3905
33772,3906
33773,3907
33775,3908
33776,3909
33787,3910
33788,3911
33789,3912
33791,3913
33795,3914
33797,3915
33801,3916
33803,3917
33808,3918
33811,3919
33814,3920
33834,3921
33835,3922
33836,3923
33840,3924
33850,3925
33855,3926
33858,3927
33859,3928
33860,3929
33861,3930
33862,3931
33863,3932
33867,3933
33870,3934
33871,3935
33872,3936
33883,3937
33889,3938
33899,3939
33903,3940
33905,3941
33914,3942
33915,3943
33925,3944
33926,3945
33934,3946
33936,3947
33937,3948
33941,3949
33948,3950
33958,3951
33966,3952
33969,3953
33972,3954
33975,3955
33983,3956
33985,3957
33986,3958
33988,3959
34006,3960
34009,3961
34012,3962
34013,3963
34019,3964
34028,3965
34034,3966
34051,3967
34052,3968
34055,3969
34060,3970
34076,3971
34077,3972
34083,3973
34086,3974
34088,3975
34096,3976
34102,3977
34104,3978
34106,3979
34117,3980
34118,3981
34120,3982
34121,3983
34124,3984
34126,3985
34129,3986
34134,3987
34140,3988
34148,3989
34153,3990
34156,3991
34163,3992
34176,3993
34177,3994
34178,3995
34179,3996
34209,3997
34213,3998
34222,3999
34223,4000
34239,4001
34249,4002
34257,4003
34262,4004
34279,4005
34280,4006
34281,4007
34284,4008
34289,4009
34290,4010
34292,4011
34295,4012
34300,4013
34309,4014
34314,4015
34324,4016
34328,4017
34332,4018
34337,4019
34338,4020
34346,4021
34350,4022
34368,4023
34382,4024
34383,4025
34389,4026
34391,4027
34392,4028
34393,4029
34402,4030
34403,4031
34409,4032
34410,4033
34411,4034
34414,4035
34420,4036
34423,4037
34427,4038
34443,4039
34445,4040
34449,4041
34451,4042
34453,4043
34455,4044
34464,4045
34467,4046
34472,4047
34474,4048
34475,4049
34489,4050
34494,4051
34497,4052
34501,4053
34502,4054
34503,4055
34510,4056
34511,4057
34514,4058
34522,4059
34525,4060
34539,4061
34542,4062
34543,4063
34547,4064
34550,4065
34552,4066
34561,4067
34565,4068
34577,4069
34580,4070
34591,4071
34599,4072
34601,4073
34602,4074
34607,4075
34612,4076
34618,4077
34620,4078
34625,4079
34628,4080
34633,4081
34636,4082
34642,4083
34651,4084
34652,4085
34661,4086
34662,4087
34669,4088
34670,4089
34675,4090
34676,4091
34677,4092
34678,4093
34708,4094
34710,4095
34712,4096
34723,4097
34724,4098
34725,4099
34738,4100
34741,4101
34742,4102
34745,4103
34751,4104
34754,4105
34757,4106
34764,4107
34766,4108
34771,4109
34776,4110
34782,4111
34785,4112
34787,4113
34798,4114
34799,4115
34800,4116
34817,4117
34818,4118
34822,4119
34823,4120
34825,4121
34834,4122
34835,4123
34836,4124
34839,4125
34844,4126
34852,4127
34862,4128
34863,4129
34866,4130
34881,4131
34887,4132
34888,4133
34893,4134
34901,4135
34902,4136
34903,4137
34905,4138
34914,4139
34915,4140
34927,4141
34931,4142
34933,4143
34934,4144
34935,4145
34936,4146
34939,4147
34940,4148
34961,4149
34964,4150
34966,4151
34973,4152
34975,4153
34978,4154
34979,4155
34980,4156
34984,4157
34997,4158
35003,4159
35007,4160
35011,4161
35015,4162
35025,4163
35044,4164
35047,4165
35062,4166
35067,4167
35069,4168
35073,4169
35075,4170
35076,4171
35078,4172
35079,4173
35081,4174
35113,4175
35114,4176
35120,4177
35133,4178
35139,4179
35143,4180
35156,4181
35180,4182
35183,4183
35203,4184
35204,4185
35215,4186
35220,4187
35222,4188
35224,4189
35230,4190
35233,4191
35235,4192
35239,4193
35240,4194
35241,4195
35247,4196
35248,4197
35249,4198
35250,4199
35251,4200
35252,4201
35254,4202
35255,4203
35265,4204
35284,4205
35286,4206
35298,4207
35302,4208
35303,4209
35310,4210
35313,4211
35327,4212
35328,4213
35329,4214
35330,4215
35332,4216
35333,4217
35334,4218
35346,4219
35347,4220
35369,4221
35370,4222
35376,4223
35383,4224
35413,4225
35417,4226
35427,4227
35433,4228
35434,4229
35443,4230
35447,4231
35448,4232
35465,4233
35475,4234
35476,4235
35480,4236
35484,4237
35503,4238
35507,4239
35510,4240
35513,4241
35516,4242
35527,4243
35540,4244
35541,4245
35542,4246
35543,4247
35551,4248
35557,4249
35567,4250
35589,4251
35610,4252
35623,4253
35624,4254
35625,4255
35626,4256
35629,4257
35631,4258
35635,4259
35639,4260
35642,4261
35643,4262
35650,4263
35651,4264
35652,4265
35656,4266
35672,4267
35684,4268
35694,4269
35702,4270
35704,4271
35710,4272
35712,4273
35714,4274
35730,4275
35739,4276
35745,4277
35756,4278
35757,4279
35760,4280
35773,4281
35777,4282
35788,4283
35789,4284
35790,4285
35799,4286
35815,4287
35818,4288
35821,4289
35823,4290
35828,4291
35834,4292
35835,4293
35838,4294
35839,4295
35840,4296
35843,4297
35847,4298
35849,4299
35857,4300
35858,4301
35860,4302
35883,4303
35889,4304
35905,4305
35909,4306
35920,4307
35923,4308
35928,4309
35932,4310
35933,4311
35963,4312
35964,4313
35968,4314
35971,4315
35972,4316
35975,4317
35982,4318
35983,4319
35985,4320
35988,4321
35994,4322
35997,4323
35999,4324
36000,4325
36001,4326
36009,4327
36022,4328
36023,4329
36027,4330
36028,4331
36029,4332
36036,4333
36037,4334
36038,4335
36039,4336
36040,4337
36049,4338
36094,4339
36097,4340
36099,4341
36104,4342
36107,4343
36108,4344
36119,4345
36124,4346
36132,4347
36144,4348
36148,4349
36152,4350
36155,4351
36156,4352
36157,4353
36160,4354
36164,4355
36166,4356
36184,4357
36185,4358
36196,4359
36198,4360
36220,4361
36223,4362
36226,4363
36228,4364
36239,4365
36242,4366
36245,4367
36246,4368
36259,4369
36265,4370
36266,4371
36267,4372
36278,4373
36280,4374
36281,4375
36288,4376
36290,4377
36291,4378
36296,4379
36297,4380
36308,4381
36309,4382
36316,4383
36317,4384
36318,4385
36339,4386
36345,4387
36397,4388
36404,4389
36407,4390
36410,4391
36418,4392
36423,4393
36424,4394
36425,4395
36427,4396
36431,4397
36432,4398
36440,4399
36447,4400
36455,4401
36456,4402
36468,4403
36470,4404
36474,4405
36475,4406
36483,4407
36491,4408
36492,4409
36500,4410
36501,4411
36502,4412
36510,4413
36511,4414
36513,4415
36515,4416
36516,4417
36520,4418
36521,4419
36522,4420
36525,4421
36531,4422
36536,4423
36544,4424
36545,4425
36548,4426
36553,4427
36561,4428
36563,4429
36564,4430
36565,4431
36569,4432
36572,4433
36574,4434
36575,4435
36577,4436
36578,4437
36580,4438
36582,4439
36584,4440
36586,4441
36587,4442
36593,4443
36618,4444
36621,4445
36626,4446
36632,4447
36633,4448
36636,4449
36637,4450
36638,4451
36640,4452
36641,4453
36642,4454
36643,4455
36644,4456
36646,4457
36649,4458
36652,4459
36653,4460
36654,4461
36655,4462
36657,4463
36664,4464
36666,4465
36669,4466
36670,4467
36704,4468
36712,4469
36715,4470
36718,4471
36719,4472
36722,4473
36726,4474
36728,4475
36732,4476
36740,4477
36742,4478
36743,4479
36744,4480
36745,4481
36746,4482
36747,4483
36753,4484
36754,4485
36762,4486
36771,4487
36774,4488
36775,4489
36783,4490
36784,4491
36790,4492
36791,4493
36793,4494
36797,4495
36799,4496
36800,4497
36817,4498
36823,4499
36824,4500
36828,4501
36838,4502
36840,4503
36847,4504
36848,4505
36855,4506
36856,4507
36861,4508
36864,4509
36871,4510
36873,4511
36875,4512
36882,4513
36883,4514
36884,4515
36890,4516
36894,4517
36902,4518
36903,4519
36904,4520
36906,4521
36910,4522
36934,4523
36943,4524
36945,4525
36949,4526
36954,4527
36955,4528
36963,4529
36969,4530
36973,4531
36976,4532
36979,4533
36981,4534
36982,4535
36993,4536
36996,4537
37007,4538
37017,4539
37018,4540
37021,4541
37023,4542
37029,4543
37033,4544
37036,4545
37037,4546
37044,4547
37045,4548
37078,4549
37086,4550
37087,4551
37104,4552
37105,4553
37106,4554
37123,4555
37126,4556
37140,4557
37141,4558
37143,4559
37144,4560
37145,4561
37148,4562
37150,4563
37151,4564
37152,4565
37154,4566
37164,4567
37171,4568
37174,4569
37175,4570
37176,4571
37178,4572
37181,4573
37184,4574
37185,4575
37186,4576
37187,4577
37188,4578
37202,4579
37204,4580
37206,4581
37208,4582
37209,4583
37210,4584
37219,4585
37221,4586
37232,4587
37242,4588
37243,4589
37245,4590
37247,4591
37249,4592
37254,4593
37256,4594
37258,4595
37259,4596
37264,4597
37265,4598
37268,4599
37278,4600
37281,4601
37283,4602
37285,4603
37291,4604
37292,4605
37293,4606
37294,4607
37300,4608
37302,4609
37311,4610
37318,4611
37320,4612
37324,4613
37328,4614
37334,4615
37337,4616
37338,4617
37345,4618
37347,4619
37349,4620
37368,4621
37369,4622
37374,4623
37379,4624
37388,4625
37393,4626
37395,4627
37403,4628
37409,4629
37422,4630
37423,4631
37424,4632
37426,4633
37430,4634
37431,4635
37433,4636
37435,4637
37436,4638
37438,4639
37446,4640
37447,4641
37448,4642
37450,4643
37451,4644
37458,4645
37468,4646
37475,4647
37476,4648
37481,4649
37484,4650
37487,4651
37490,4652
37491,4653
37496,4654
37497,4655
37509,4656
37510,4657
37517,4658
37520,4659
37521,4660
37522,4661
37525,4662
37527,4663
37529,4664
37530,4665
37544,4666
37545,4667
37546,4668
37547,4669
37548,4670
37549,4671
37550,4672
37551,4673
37552,4674
37555,4675
37559,4676
37561,4677
37562,4678
37563,4679
37564,4680
37566,4681
37569,4682
37571,4683
37576,4684
37578,4685
37579,4686
37584,4687
37587,4688
37589,4689
37590,4690
37597,4691
37598,4692
37599,4693
37601,4694
37611,4695
37614,4696
37618,4697
37619,4698
37626,4699
37641,4700
37643,4701
37646,4702
37651,4703
37655,4704
37657,4705
37662,4706
37666,4707
37671,4708
37675,4709
37684,4710
37716,4711
37717,4712
37722,4713
37735,4714
37736,4715
37737,4716
37739,4717
37740,4718
37744,4719
37747,4720
37750,4721
37753,4722
37755,4723
37760,4724
37769,4725
37775,4726
37776,4727
37777,4728
37778,4729
37779,4730
37780,4731
37781,4732
37786,4733
37787,4734
37790,4735
37799,4736
37802,4737
37806,4738
37822,4739
37823,4740
37825,4741
37826,4742
37852,4743
37864,4744
37869,4745
37870,4746
37873,4747
37877,4748
37881,4749
37885,4750
37886,4751
37887,4752
37888,4753
37890,4754
37893,4755
37894,4756
37895,4757
37896,4758
37904,4759
37920,4760
37922,4761
37923,4762
37924,4763
37926,4764
37930,4765
37932,4766
37936,4767
37937,4768
37940,4769
37948,4770
37952,4771
37956,4772
37958,4773
37962,4774
37963,4775
37964,4776
37965,4777
37970,4778
37972,4779
37975,4780
37976,4781
37979,4782
37980,4783
37982,4784
37983,4785
37985,4786
37988,4787
37989,4788
37990,4789
37991,4790
37992,4791
37993,4792
37994,4793
37998,4794
37999,4795
38000,4796
38003,4797
38004,4798
38005,4799
38009,4800
38019,4801
38020,4802
38022,4803
38023,4804
38024,4805
38026,4806
38028,4807
38045,4808
38058,4809
38059,4810
38062,4811
38063,4812
38066,4813
38067,4814
38068,4815
38069,4816
38070,4817
38071,4818
38072,4819
38074,4820
38075,4821
38080,4822
38083,4823
38084,4824
38089,4825
38091,4826
38096,4827
38098,4828
38100,4829
38101,4830
38112,4831
38117,4832
38119,4833
38120,4834
38121,4835
38145,4836
38150,4837
38157,4838
38161,4839
38162,4840
38163,4841
38181,4842
38186,4843
38199,4844
38203,4845
38212,4846
38217,4847
38220,4848
38226,4849
38235,4850
38250,4851
38251,4852
38254,4853
38256,4854
38262,4855
38268,4856
38276,4857
38284,4858
38285,4859
38290,4860
38295,4861
38297,4862
38301,4863
38302,4864
38325,4865
38328,4866
38331,4867
38337,4868
38346,4869
38348,4870
38361,4871
38363,4872
38367,4873
38378,4874
38379,4875
38383,4876
38386,4877
38389,4878
38390,4879
38395,4880
38397,4881
38398,4882
38407,4883
38408,4884
38409,4885
38410,4886
38412,4887
38413,4888
38433,4889
38435,4890
38436,4891
38444,4892
38446,4893
38449,4894
38450,4895
38456,4896
38467,4897
38469,4898
38471,4899
38472,4900
38473,4901
38476,4902
38480,4903
38481,4904
38483,4905
38485,4906
38490,4907
38491,4908
38497,4909
38505,4910
38511,4911
38520,4912
38524,4913
38525,4914
38526,4915
38528,4916
38529,4917
38533,4918
38534,4919
38535,4920
38536,4921
38537,4922
38538,4923
38544,4924
38545,4925
38549,4926
38554,4927
38555,4928
38556,4929
38560,4930
38572,4931
38573,4932
38578,4933
38606,4934
38610,4935
38611,4936
38612,4937
38616,4938
38619,4939
38622,4940
38624,4941
38628,4942
38631,4943
38632,4944
38656,4945
38659,4946
38663,4947
38664,4948
38668,4949
38669,4950
38670,4951
38671,4952
38673,4953
38674,4954
38677,4955
38678,4956
38680,4957
38681,4958
38685,4959
38688,4960
38691,4961
38693,4962
38707,4963
38712,4964
38719,4965
38727,4966
38731,4967
38735,4968
38738,4969
38741,4970
38742,4971
38744,4972
38753,4973
38759,4974
38766,4975
38767,4976
38777,4977
38778,4978
38783,4979
38785,4980
38786,4981
38787,4982
38790,4983
38797,4984
38799,4985
38803,4986
38804,4987
38805,4988
38814,4989
38815,4990
38821,4991
38824,4992
38830,4993
38835,4994
38837,4995
38843,4996
38851,4997
38853,4998
38857,4999
38860,5000
38881,5001
38883,5002
38889,5003
38891,5004
38899,5005
38902,5006
38907,5007
38909,5008
38916,5009
38917,5010
38918,5011
38920,5012
38923,5013
38924,5014
38932,5015
38935,5016
38940,5017
38957,5018
38959,5019
38976,5020
38977,5021
38990,5022
38992,5023
38993,5024
39011,5025
39017,5026
39018,5027
39022,5028
39024,5029
39026,5030
39027,5031
39030,5032
39035,5033
39038,5034
39039,5035
39040,5036
39049,5037
39056,5038
39057,5039
39063,5040
39067,5041
39071,5042
39078,5043
39080,5044
39121,5045
39129,5046
39130,5047
39131,5048
39135,5049
39141,5050
39178,5051
39179,5052
39180,5053
39183,5054
39184,5055
39188,5056
39191,5057
39194,5058
39195,5059
39196,5060
39197,5061
39198,5062
39199,5063
39207,5064
39217,5065
39221,5066
39223,5067
39230,5068
39231,5069
39244,5070
39264,5071
39277,5072
39282,5073
39286,5074
39290,5075
39292,5076
39298,5077
39305,5078
39324,5079
39325,5080
39326,5081
39334,5082
39335,5083
39337,5084
39339,5085
39355,5086
39356,5087
39380,5088
39388,5089
39415,5090
39416,5091
39417,5092
39419,5093
39421,5094
39431,5095
39448,5096
39456,5097
39457,5098
39463,5099
39468,5100
39469,5101
39490,5102
39491,5103
39498,5104
39506,5105
39519,5106
39523,5107
39527,5108
39531,5109
39533,5110
39534,5111
39535,5112
39539,5113
39547,5114
39551,5115
39555,5116
39562,5117
39564,5118
39566,5119
39567,5120
39570,5121
39574,5122
39575,5123
39581,5124
39582,5125
39583,5126
39586,5127
39587,5128
39588,5129
39589,5130
39590,5131
39592,5132
39597,5133
39609,5134
39617,5135
39618,5136
39620,5137
39621,5138
39622,5139
39643,5140
39654,5141
39668,5142
39674,5143
39675,5144
39676,5145
39678,5146
39679,5147
39681,5148
39691,5149
39694,5150
39699,5151
39701,5152
39708,5153
39710,5154
39721,5155
39730,5156
39734,5157
39736,5158
39754,5159
39767,5160
39781,5161
39783,5162
39790,5163
39792,5164
39799,5165
39806,5166
39811,5167
39820,5168
39823,5169
39836,5170
39840,5171
39841,5172
39849,5173
39862,5174
39872,5175
39912,5176
39918,5177
39936,5178
39940,5179
39942,5180
39948,5181
39959,5182
39960,5183
39963,5184
39966,5185
39979,5186
39988,5187
39990,5188
39991,5189
40004,5190
40005,5191
40009,5192
40010,5193
40013,5194
40014,5195
40016,5196
40028,5197
40031,5198
40033,5199
40040,5200
40046,5201
40052,5202
40056,5203
40059,5204
40060,5205
40062,5206
40066,5207
40074,5208
40075,5209
40076,5210
40085,5211
40090,5212
40100,5213
40105,5214
40106,5215
40117,5216
40128,5217
40134,5218
40136,5219
40137,5220
40143,5221
40148,5222
40151,5223
40154,5224
40156,5225
40163,5226
40165,5227
40167,5228
40171,5229
40178,5230
40180,5231
40181,5232
40192,5233
40194,5234
40196,5235
40197,5236
40202,5237
40204,5238
40205,5239
40208,5240
40209,5241
40215,5242
40221,5243
40223,5244
40228,5245
40230,5246
40233,5247
40246,5248
40254,5249
40256,5250
40266,5251
40269,5252
40272,5253
40282,5254
40295,5255
40313,5256
40320,5257
40321,5258
40323,5259
40338,5260
40358,5261
40359,5262
40361,5263
40369,5264
40375,5265
40376,5266
40379,5267
40385,5268
40392,5269
40394,5270
40397,5271
40403,5272
40406,5273
40407,5274
40408,5275
40412,5276
40417,5277
40423,5278
40430,5279
40435,5280
40436,5281
40438,5282
40454,5283
40473,5284
40483,5285
40491,5286
40496,5287
40497,5288
40504,5289
40513,5290
40515,5291
40517,5292
40529,5293
40532,5294
40540,5295
40542,5296
40550,5297
40568,5298
40570,5299
40571,5300
40591,5301
40594,5302
40595,5303
40597,5304
40602,5305
40610,5306
40613,5307
40623,5308
40638,5309
40645,5310
40660,5311
40677,5312
40693,5313
40707,5314
40708,5315
40711,5316
40716,5317
40730,5318
40733,5319
40734,5320
40735,5321
40738,5322
40746,5323
40748,5324
40749,5325
40750,5326
40755,5327
40763,5328
40776,5329
40783,5330
40784,5331
40786,5332
40793,5333
40803,5334
40806,5335
40815,5336
40823,5337
40835,5338
40839,5339
40850,5340
40851,5341
40854,5342
40861,5343
40868,5344
40876,5345
40879,5346
40893,5347
40894,5348
40902,5349
40909,5350
40911,5351
40934,5352
40935,5353
40940,5354
40942,5355
40956,5356
40958,5357
40966,5358
40969,5359
40974,5360
40979,5361
40982,5362
40989,5363
40991,5364
40994,5365
40995,5366
41006,5367
41051,5368
41063,5369
41078,5370
41079,5371
41081,5372
41093,5373
41094,5374
41096,5375
41114,5376
41115,5377
41120,5378
41124,5379
41135,5380
41168,5381
41188,5382
41189,5383
41204,5384
41206,5385
41210,5386
41215,5387
41217,5388
41219,5389
41222,5390
41223,5391
41224,5392
41226,5393
41266,5394
41283,5395
41286,5396
41293,5397
41296,5398
41298,5399
41312,5400
41317,5401
41332,5402
41339,5403
41345,5404
41353,5405
41364,5406
41372,5407
41380,5408
41389,5409
41399,5410
41401,5411
41421,5412
41433,5413
41454,5414
41466,5415
41470,5416
41477,5417
41480,5418
41505,5419
41509,5420
41511,5421
41528,5422
41531,5423
41542,5424
41545,5425
41547,5426
41555,5427
41558,5428
41574,5429
41611,5430
41619,5431
41632,5432
41634,5433
41660,5434
41667,5435
41686,5436
41688,5437
41694,5438
41776,5439
41783,5440
41785,5441
41802,5442
41807,5443
41854,5444
41911,5445
41913,5446
41916,5447
41917,5448
41920,5449
41930,5450
42013,5451
42014,5452
42044,5453
42047,5454
42054,5455
42055,5456
42057,5457
42070,5458
42082,5459
42145,5460
42148,5461
42158,5462
42161,5463
42168,5464
42176,5465
42187,5466
42194,5467
42203,5468
42206,5469
42208,5470
42220,5471
42238,5472
42260,5473
42266,5474
42268,5475
42284,5476
42290,5477
42291,5478
42302,5479
42317,5480
42319,5481
42328,5482
42345,5483
42414,5484
42443,5485
42444,5486
42445,5487
42454,5488
42455,5489
42460,5490
42481,5491
42487,5492
42491,5493
42496,5494
42497,5495
42500,5496
42507,5497
42517,5498
42546,5499
42562,5500
42571,5501
42603,5502
42629,5503
42632,5504
42640,5505
42657,5506
42668,5507
42714,5508
42717,5509
42723,5510
42740,5511
42791,5512
42829,5513
42831,5514
42835,5515
42855,5516
42862,5517
42867,5518
42883,5519
42893,5520
42897,5521
42898,5522
42913,5523
42923,5524
42946,5525
42947,5526
42949,5527
42950,5528
42952,5529
42955,5530
42956,5531
42981,5532
42985,5533
43001,5534
43020,5535
43288,5536
43349,5537
43350,5538
43353,5539
43568,5540
43690,5541
43711,5542
43722,5543
43727,5544
43745,5545
43751,5546
43779,5547
43878,5548
44044,5549
44050,5550
44059,5551
44062,5552
44070,5553
44078,5554
44221,5555
44513,5556
45518,5557
45558,5558
45567,5559
45574,5560
45585,5561
45611,5562
45614,5563
45615,5564
45616,5565
46000,5566
47398,5567
48177,5568